failed_attempts,requests_per_second,unique_ports,duration,attack_type
0,33.44,200,7.49,port_scan
8,0.31,1,13.56,suspicious_login
50,4.98,2,174.65,brute_force
3,374.7,3,58.0,ddos_like
0,33.63,160,11.29,port_scan
0,10.33,91,3.68,port_scan
30,5.0,2,102.2,brute_force
0,708.09,2,31.95,ddos_like
7,0.78,1,14.57,suspicious_login
18,11.08,1,39.09,brute_force
0,3.16,1,1.86,normal
5,0.52,1,20.6,suspicious_login
5,1.04,1,36.93,suspicious_login
0,0.61,2,8.1,normal
0,3.72,3,16.8,normal
3,583.93,5,75.5,ddos_like
31,14.66,1,106.15,brute_force
32,11.03,1,110.89,brute_force
2,17.37,215,6.68,port_scan
41,5.28,1,128.85,brute_force
1,22.76,60,22.68,port_scan
1,3.22,1,22.16,normal
49,12.19,1,128.96,brute_force
20,4.03,2,152.4,brute_force
0,27.71,107,23.46,port_scan
1,264.33,5,61.1,ddos_like
2,41.64,58,21.2,port_scan
1,0.96,2,3.8,normal
32,8.55,1,96.47,brute_force
2,479.63,4,45.88,ddos_like
6,0.49,1,43.05,suspicious_login
1,386.74,1,114.38,ddos_like
8,0.13,1,40.23,suspicious_login
46,3.23,2,161.81,brute_force
0,4.12,2,8.76,normal
1,3.1,3,3.02,normal
1,1.75,1,28.76,normal
3,377.28,2,34.52,ddos_like
1,3.66,3,19.79,normal
3,0.29,1,14.25,suspicious_login
6,1.37,1,28.36,suspicious_login
8,0.16,1,6.24,suspicious_login
3,733.19,4,59.51,ddos_like
0,4.61,3,26.41,normal
2,40.94,248,24.4,port_scan
5,0.4,1,18.07,suspicious_login
1,165.88,2,118.23,ddos_like
5,0.71,1,6.16,suspicious_login
0,42.86,108,8.08,port_scan
3,0.89,1,13.72,suspicious_login
3,548.22,5,56.94,ddos_like
34,5.87,1,161.7,brute_force
4,0.38,1,5.82,suspicious_login
3,471.35,2,26.23,ddos_like
1,1.23,2,7.08,normal
36,3.25,1,118.27,brute_force
1,2.13,1,15.78,normal
0,2.21,2,19.43,normal
1,1.71,3,20.96,normal
0,2.52,2,24.47,normal
1,37.38,250,20.45,port_scan
6,0.93,1,31.52,suspicious_login
1,2.22,2,16.34,normal
2,28.51,193,23.43,port_scan
1,17.62,69,15.32,port_scan
3,590.26,2,77.71,ddos_like
1,15.66,266,14.69,port_scan
36,12.61,1,67.3,brute_force
7,1.36,1,24.53,suspicious_login
6,0.85,1,34.39,suspicious_login
1,3.86,2,27.04,normal
7,0.63,1,5.24,suspicious_login
6,0.67,1,26.7,suspicious_login
0,40.77,229,8.55,port_scan
0,400.38,5,30.91,ddos_like
5,0.57,1,40.72,suspicious_login
6,0.19,1,38.32,suspicious_login
21,13.45,2,156.25,brute_force
15,3.85,1,64.34,brute_force
6,0.45,1,8.28,suspicious_login
6,0.21,1,16.43,suspicious_login
1,1.14,1,8.15,normal
6,0.35,1,15.41,suspicious_login
2,12.8,135,3.58,port_scan
0,1.55,3,1.77,normal
48,8.42,1,63.7,brute_force
51,9.91,1,147.69,brute_force
0,33.87,92,10.13,port_scan
1,746.36,1,60.21,ddos_like
1,39.18,194,16.07,port_scan
3,1.0,1,10.43,suspicious_login
2,760.5,1,106.47,ddos_like
40,13.83,1,86.85,brute_force
25,9.47,1,119.84,brute_force
1,4.23,3,26.68,normal
42,4.9,1,173.07,brute_force
5,0.41,1,7.74,suspicious_login
2,452.24,4,84.32,ddos_like
0,35.98,119,8.26,port_scan
1,587.32,2,98.72,ddos_like
0,446.02,5,31.39,ddos_like
59,14.49,2,53.22,brute_force
2,12.13,200,3.31,port_scan
0,610.71,1,67.19,ddos_like
1,14.58,193,12.52,port_scan
2,510.37,2,56.25,ddos_like
0,13.23,256,21.08,port_scan
47,10.31,1,86.09,brute_force
2,29.34,260,4.93,port_scan
1,33.01,201,23.5,port_scan
1,409.0,3,105.08,ddos_like
1,1.46,2,12.47,normal
4,1.28,1,16.09,suspicious_login
4,1.47,1,26.36,suspicious_login
1,323.42,1,52.08,ddos_like
39,6.18,2,72.79,brute_force
1,429.43,5,76.73,ddos_like
0,730.23,1,95.63,ddos_like
1,29.63,97,3.73,port_scan
17,13.32,1,107.12,brute_force
50,4.17,1,175.35,brute_force
0,3.98,1,25.8,normal
8,0.33,1,23.7,suspicious_login
2,413.95,1,43.43,ddos_like
27,9.44,1,93.28,brute_force
3,665.93,2,82.47,ddos_like
0,3.81,3,22.48,normal
2,15.41,161,21.89,port_scan
0,2.9,1,5.74,normal
4,0.43,1,23.94,suspicious_login
2,485.04,5,46.87,ddos_like
0,40.85,52,6.13,port_scan
0,4.88,2,3.29,normal
49,12.01,2,46.73,brute_force
2,39.85,298,13.24,port_scan
0,3.9,1,5.43,normal
2,26.69,120,3.31,port_scan
0,3.58,1,7.64,normal
37,8.08,2,159.58,brute_force
2,555.05,1,89.17,ddos_like
2,266.07,3,14.21,ddos_like
3,1.15,1,7.08,suspicious_login
0,3.91,1,21.25,normal
0,4.06,2,18.3,normal
0,10.12,106,16.65,port_scan
49,12.06,1,136.94,brute_force
0,3.56,1,20.77,normal
40,14.94,2,95.72,brute_force
2,378.24,5,53.96,ddos_like
2,18.62,60,16.25,port_scan
